MORPH159,MORPH1
var1_round1,22
var1_round2,11
var2_round1,33
var2_round2,44
val_round1,0.169122009770945
val_round2,0.0325823465827852
