iPhone,YOY growth
3.7039999999999997,0.0
13.675,769.94
25.105000000000004,856.22
47.486999999999995,369.23
93.102,404.48
135.791,202.65
153.493,59.14
192.66199999999998,91.62
231.529,97.71000000000001
215.39499999999998,-31.890000000000004
215.782,2.0300000000000002
140.406,3.98
