iPhone,YOY growth
1.666,0.0
8.645999999999999,1227.35
15.671,824.8699999999999
29.84,373.75
59.709,421.1
85.402,190.56
93.11699999999999,41.00000000000001
120.675,101.19
155.494,150.29
139.44299999999998,-49.029999999999994
148.04500000000002,19.32
155.766,44.06
146.356,-30.729999999999997
